file_name;key_repr
xortool_out\00.out;10d220113120027239O101c161f22C2104E270013
xortool_out\01.out;00c230012130126228N111d171e23B2005D260112
xortool_out\02.out;30f200311100225213bM121e141d20A2306G250211
xortool_out\03.out;20e210210110324203aL131f151c21402207F240310
xortool_out\04.out;509260517160423273dK1418121b26G2500A230417
xortool_out\05.out;408270416170522263cJ1519131a27F240140220516
xortool_out\06.out;70b240715140621253fI161a101924E2702C210615
xortool_out\07.out;60a250614150720243eH171b111825D2603B200714
xortool_out\08.out;9052a091b1a082f2b1G18141e172aK290cM2f081b
xortool_out\09.out;8042b081a1b092e2a0F19151f162bJ280dL2e091a
xortool_out\10.out;605csPBCQvrh1eAMGNs12pU14vQB
xortool_out\11.out;c5fpSA40Ruqk1dBNDMp11sV17uRA
xortool_out\12.out;b5eqR40AStpj1cCOELq10rW16tS40
xortool_out\13.out;eYvUGFTswm1bDHBKv17uP11sTG
xortool_out\14.out;dXwTFGUrvl1aEICJw16tQ10rUF
xortool_out\15.out;g5btWEDVquo19FJ40It15wR13qVE
xortool_out\16.out;fZuVDEWptn18GKAHu14vS12pWD
xortool_out\17.out;iUzYKJX7f7ba17HDNGz1by5c1d7fXK
xortool_out\18.out;hT7bXJKY7ez6016IEOF7b1ax5d1c7eYJ
xortool_out\19.out;kWx5bIHZ7dyc15JFLEx197b5e1f7dZI
xortool_out\20.out;jVyZHI5b7cxb14KGMDy18z5f1e7c5bH
xortool_out\21.out;mQ7e5dON5c7b7fe13L40JC7e1f7dX197b5cO
xortool_out\22.out;lP7f5cNO5dz7ed12MAKB7f1e7cY18z5dN
xortool_out\23.out;oS7c5fML5ey7dg11NBHA7c1d7fZ1by5eM
xortool_out\24.out;nR7d5eLM5fx7cf10OCI407d1c7e5b1ax5fL
xortool_out\25.out;qMbASR40gcy0fP5cV5fb03aD05g40S
xortool_out\26.out;pLc40RSAfbx0eQ5dW5ec0260E04fAR
xortool_out\27.out;sO60CQPBea7b0dR5eT5d6001cF07eBQ
xortool_out\28.out;rNaBPQCd60z0cS5fU5ca00bG06dCP
xortool_out\29.out;uIfEWVDcg7d0bTXR5bf07e4001cDW
xortool_out\30.out;tHgDVWEbf7c0aUYSZg06dA00bEV
xortool_out\31.out;wKdGUTFae7f09VZPYd05gB03aFU
xortool_out\32.out;vJeFTUG60d7e08W5bQXe04fC0260GT
xortool_out\33.out;yEjI5bZHokq07XT5eWj0biL0doH5b
xortool_out\34.out;xDkHZ5bInjp06YU5fVk0ahM0cnIZ
xortool_out\35.out;7bGhKYXJmis05ZV5cUh09kN0fmJY
xortool_out\36.out;407cSpbcqVRH3eamgnS2Pu4Vqb
xortool_out\37.out;C7fPsa60rUQK3dbndmP1Sv7Ura
xortool_out\38.out;B7eQr60asTPJ3ccoelQ0Rw6Ts60
xortool_out\39.out;EyVugftSWM3bdhbkV7Up1Stg
xortool_out\40.out;DxWtfguRVL3aeicjW6Tq0Ruf
xortool_out\41.out;G7bTwedvQUO9fj60iT5Wr3Qve
xortool_out\42.out;FzUvdewPTN8gkahU4Vs2Pwd
xortool_out\43.out;IuZykjx5f5bA7hdngZ3bY7c3d5fxk
xortool_out\44.out;Ht5bxjky5eZ406ieof5b3aX7d3c5eyj
xortool_out\45.out;KwX7bihz5dYC5jfleX95b7e3f5dzi
xortool_out\46.out;JvYzhi7b5cXB4kgmdY8Z7f3e5c7bh
xortool_out\47.out;Mq5e7don7c5b5fE3l60jc5e3f5dx95b7co
xortool_out\48.out;Lp5f7cno7dZ5eD2makb5f3e5cy8Z7dn
xortool_out\49.out;Os5c7fml7eY5dG1nbha5c3d5fz3bY7em
xortool_out\50.out;Nr5d7elm7fX5cF0oci605d3c5e7b3aX7fl
xortool_out\51.out;QmBasr60GCY2fp7cv7fB23Ad25G60s
xortool_out\52.out;PlC60rsaFBX2eq7dw7eC2240e24Far
xortool_out\53.out;So40cqpbEA5b2dr7et7d4021Cf27Ebq
xortool_out\54.out;RnAbpqcD40Z2cs7fu7cA20Bg26Dcp
xortool_out\55.out;UiFewvdCG5d2btxr7bF27E6021Cdw
xortool_out\56.out;ThGdvweBF5c2auyszG26Da20Bev
xortool_out\57.out;WkDgutfAE5f29vzpyD25Gb23Afu
xortool_out\58.out;VjEftug40D5e28w7bqxE24Fc2240gt
xortool_out\59.out;YeJi7bzhOKQ27xt7ewJ2bIl2dOh7b
xortool_out\60.out;XdKhz7biNJP26yu7fvK2aHm2cNiz
xortool_out\61.out;5bgHkyxjMIS25zv7cuH29Kn2fMjy
xortool_out\62.out;201c31002031162285e010d070e3R015T61102
xortool_out\63.out;231f013010012512b5d020e040d0Q316W51201
xortool_out\64.out;221e112000113402a5c030f050c1P217V41300
xortool_out\65.out;2519615070614372d5b0408020b6W510Q31407
xortool_out\66.out;2418714060715262cZ0509030a7V411P21506
xortool_out\67.out;271b417050416152fY060a00094U712S11605
xortool_out\68.out;261a516040517042eX070b01085T613R01704
xortool_out\69.out;29153a190b0a183f3b21W08040e073a5b91c5d3f180b
xortool_out\70.out;28143b180a0b193e3a20V09050f063bZ81d5c3e190a
xortool_out\71.out;2b1781b09081a3d923U0a060c058Y3b1e5f3d1a09
xortool_out\72.out;2a1691a08091b3c822T0b070d049X3a1f5e3c1b08
xortool_out\73.out;2d113e1d0f0e1c3b3f25S0c000a033e5f3d18Y3b1c0f
xortool_out\74.out;2c103f1c0e0f1d3a3e24R0d010b023f5e3c19X3a1d0e
xortool_out\75.out;2f133c1f0d0c1e93d27Q0e0208013c5d3f1a5b91e0d
xortool_out\76.out;2e123d1e0c0d1f83c26P0f0309003d5c3e1bZ81f0c
xortool_out\77.out;3b07280b19180a2d293E1a161c1528I2b0eO2d0a19
xortool_out\78.out;3a06290a18190b2c282D1b171d1429H2a0fN2c0b18
xortool_out\79.out;3d012e0d1f1e0c2b2f5C1c101a132eO2d08I2b0c1f
xortool_out\80.out;3c002f0c1e1f0d2a2e4B1d111b122fN2c09H2a0d1e
xortool_out\81.out;3f032c0f1d1c0e292d7A1e1218112cM2f0aK290e1d
xortool_out\82.out;3e022d0e1c1d0f282c6401f1319102dL2e0bJ280f1c
xortool_out\83.out;A7dRqcbpWSI3f60lfoR3Qt5Wpc
xortool_out\84.out;ZfIjxykLHR247bw7dtI28Jo2eLkx
xortool_out\85.out;5daNm7f7elKOU237cpzsN2fMh29Kl7f
xortool_out\86.out;5c60Ol7e7fmJNT227dq7brO2eLi28Jm7e
xortool_out\87.out;5fcLo7d7cnIMW217erxqL2dOj2bIn7d
xortool_out\88.out;5ebMn7c7doHLV207fsypM2cNk2aHo7c
xortool_out\89.out;a5drQCBPwsi1f40LFOr13qT15wPC
xortool_out\90.out;zFiJXYKlhr045bW5dTi08jO0elKX
xortool_out\91.out;7dAnM5f5eLkou035cPZSn0fmH09kL5f
xortool_out\92.out;7c40oL5e5fMjnt025dQ5bRo0elI08jM5e
xortool_out\93.out;7fClO5d5cNimw015eRXQl0doJ0biN5d
xortool_out\94.out;211d21103021073295f000c060f2S114U71003
xortool_out\95.out;0841b82a2b91e1a00v29252f261bz183d7c1e92a
xortool_out\96.out;0b7183b29283a1d1903u2a262c2518y1b3e7f1d3a29
xortool_out\97.out;0c01f3c2e2f3d1a1e04r2d212b221f7e1c9x1a3d2e
xortool_out\98.out;0a6193a28293b1c1802t2b272d2419x1a3f7e1c3b28
xortool_out\99.out;0d11e3d2f2e3c1b1f05s2c202a231e7f1d8y1b3c2f
